City_ID,City,Lat,Lng,Max Temp,Humidity,Cloudiness,Wind Speed,Country,Date
0,khed brahma,24.0333,73.05,26.920000000000016,33,98,0.62,IN,1681415572
1,batagay-alyta,67.8006,130.4114,-17.92999999999998,91,99,1.83,RU,1681415573
2,nurota,40.5614,65.6886,26.310000000000002,19,100,7.05,UZ,1681415573
3,vaini,-21.2,-175.2,26.090000000000032,83,20,3.09,TO,1681415135
4,port alfred,-33.5906,26.891,15.100000000000023,92,14,0.45,ZA,1681415142
5,pevek,69.7008,170.3133,-17.17999999999998,95,97,1.08,RU,1681415294
6,tuktoyaktuk,69.4541,-133.0374,-20.99999999999997,77,75,3.6,CA,1681415257
7,tasiilaq,65.6145,-37.6368,3.090000000000032,90,96,1.0,GL,1681415255
8,luderitz,-26.6481,15.1594,16.100000000000023,68,31,6.32,NA,1681415312
9,vestmannaeyjar,63.4427,-20.2734,6.650000000000034,75,100,2.22,IS,1681415574
10,butaritari,3.0707,172.7902,27.28000000000003,80,53,5.9,KI,1681415208
11,faanui,-16.4833,-151.75,27.660000000000025,71,22,3.86,PF,1681415215
12,laguna,38.421,-121.4238,18.510000000000048,30,0,6.17,US,1681415278
13,nikolskoye,59.7035,30.7861,3.9399999999999977,73,100,4.85,RU,1681415270
14,saint-philippe,-21.3585,55.7679,24.77000000000004,83,66,0.82,RE,1681415153
15,ushuaia,-54.8,-68.3,8.79000000000002,66,0,1.54,AR,1681415110
16,east london,-33.0153,27.9116,18.5,68,78,5.14,ZA,1681415230
17,albany,42.6001,-73.9662,30.230000000000018,43,3,4.76,US,1681415115
18,cherskiy,68.75,161.3,-23.549999999999983,100,63,1.95,RU,1681415239
19,chokurdakh,70.6333,147.9167,-17.809999999999974,95,100,2.8,RU,1681415214
20,provideniya,64.3833,-173.3,-15.989999999999952,82,7,1.8,RU,1681415141
21,airai,-8.9266,125.4092,15.700000000000045,93,37,1.05,TL,1681415215
22,channel-port aux basques,47.5702,-59.1367,2.480000000000018,89,41,6.64,CA,1681415577
23,chuy,-33.6971,-53.4616,16.879999999999995,53,18,5.15,UY,1681415329
24,jalu,29.0331,21.5482,22.660000000000025,14,0,2.96,LY,1681415386
25,rechitsy,55.5978,38.4639,10.210000000000036,54,100,7.02,RU,1681415577
26,bengkulu,-3.8004,102.2655,24.32000000000005,89,64,1.68,ID,1681415225
27,saint anthony,45.0205,-93.218,29.960000000000036,30,0,8.23,US,1681415578
28,carnarvon,-24.8667,113.6333,21.33000000000004,59,73,11.99,AU,1681415255
29,naze,28.3667,129.4833,19.510000000000048,92,87,5.11,JP,1681415214
30,mahibadhoo,3.7833,72.9667,28.640000000000043,74,14,2.86,MV,1681415579
31,hobart,-42.8794,147.3294,12.370000000000005,93,100,2.57,AU,1681415102
32,sao sebastiao,-23.76,-45.4097,25.090000000000032,85,2,1.41,BR,1681415579
33,caravelas,-17.7125,-39.2481,26.03000000000003,83,31,2.45,BR,1681415579
34,winnemucca,40.973,-117.7357,6.03000000000003,28,0,2.57,US,1681415580
35,namatanai,-3.6667,152.4333,26.610000000000014,84,100,5.49,PG,1681415580
36,kruisfontein,-34.0033,24.7314,16.05000000000001,76,0,5.5,ZA,1681415264
37,puerto ayora,-0.7393,-90.3518,31.980000000000018,84,96,4.47,EC,1681415232
38,turukhansk,65.8167,87.9833,-22.289999999999964,100,100,2.27,RU,1681415323
39,ruteng,-8.6136,120.4721,16.590000000000032,92,100,0.33,ID,1681415581
40,castro,-24.7911,-50.0119,21.590000000000032,68,51,1.44,BR,1681415225
41,busselton,-33.65,115.3333,12.120000000000005,70,67,9.44,AU,1681415211
42,mataura,-46.1927,168.8643,11.379999999999995,89,8,3.63,NZ,1681415209
43,umm lajj,25.0213,37.2685,21.230000000000018,46,0,5.67,SA,1681415582
44,labuhan,-6.8844,112.2051,24.950000000000045,87,84,4.38,ID,1681415582
45,simbahan,6.3032,120.5836,27.460000000000036,73,95,1.86,PH,1681415583
46,taltal,-25.4,-70.4833,21.05000000000001,68,19,3.77,CL,1681415349
47,winchester,51.0651,-1.3187,8.160000000000025,72,20,3.6,GB,1681415583
48,rikitea,-23.1203,-134.9692,22.180000000000007,91,100,4.28,PF,1681415136
49,omboue,-1.5746,9.2618,26.560000000000002,87,100,1.47,GA,1681415584
50,talara,-4.5772,-81.2719,31.420000000000016,62,40,4.12,PE,1681415585
51,ancud,-41.8697,-73.8203,15.470000000000027,57,5,1.2,CL,1681415208
52,broome,42.2506,-75.833,29.49000000000001,29,0,4.63,US,1681415293
53,jamestown,42.097,-79.2353,26.80000000000001,27,0,6.69,US,1681415212
54,vila velha,-20.3297,-40.2925,27.970000000000027,83,20,5.14,BR,1681415252
55,ippy,6.2679,21.2247,20.939999999999998,94,100,1.89,CF,1681415587
56,pangody,65.85,74.4859,-19.389999999999986,95,44,7.28,RU,1681415587
57,sibolga,1.7427,98.7792,24.33000000000004,93,79,1.23,ID,1681415588
58,bethel,41.3712,-73.414,32.160000000000025,30,0,7.2,US,1681415259
59,severo-kurilsk,50.6789,156.125,-0.6999999999999886,88,6,3.01,RU,1681415206
60,bluff,-46.6,168.3333,11.560000000000002,80,11,7.99,NZ,1681415211
61,meadow lake,34.8014,-106.5436,24.160000000000025,10,100,10.4,US,1681415590
62,turan,16.0678,108.2208,26.99000000000001,89,75,1.03,VN,1681415590
63,dikson,73.5069,80.5464,-22.909999999999968,100,96,5.14,RU,1681415226
64,bilibino,68.0546,166.4372,-20.869999999999976,98,85,0.71,RU,1681415591
65,gornopravdinsk,60.05,69.9,-14.099999999999966,95,91,2.32,RU,1681415591
66,mahebourg,-20.4081,57.7,25.140000000000043,94,20,1.54,MU,1681415204
67,vila franca do campo,37.7167,-25.4333,17.230000000000018,83,57,2.8,PT,1681415288
68,atuona,-9.8,-139.0333,26.640000000000043,70,97,2.06,PF,1681415109
69,hermanus,-34.4187,19.2345,17.670000000000016,81,29,6.33,ZA,1681415142
70,fort nelson,58.8053,-122.7002,7.770000000000039,36,20,5.14,CA,1681415592
71,merauke,-8.4667,140.3333,24.910000000000025,91,100,1.48,ID,1681415592
72,iqaluit,63.7506,-68.5145,-7.149999999999977,79,100,0.0,CA,1681415285
73,porbandar,21.6422,69.6093,26.220000000000027,70,0,4.27,IN,1681415565
74,keetmanshoop,-26.5833,18.1333,19.27000000000004,24,83,4.31,NA,1681415593
75,avarua,-21.2078,-159.775,27.03000000000003,65,92,3.6,CK,1681415206
76,port hedland,-20.3167,118.5667,26.03000000000003,89,75,5.66,AU,1681415309
77,khatanga,71.9667,102.5,-14.0,93,100,9.17,RU,1681415270
78,moramanga,-18.9333,48.2,17.82000000000005,99,100,0.81,MG,1681415594
79,arraial do cabo,-22.9661,-42.0278,28.980000000000018,69,0,7.72,BR,1681415234
80,te anau,-45.4167,167.7167,8.050000000000011,94,39,0.7,NZ,1681415190
81,shelburne,44.0787,-80.2041,26.420000000000016,44,0,7.18,CA,1681415595
82,cayenne,4.9333,-52.3333,27.02000000000004,83,75,2.57,GF,1681415454
83,kunda,25.7167,81.5167,30.680000000000007,20,21,2.56,IN,1681415596
84,falmouth,50.1544,-5.0711,9.32000000000005,79,20,4.63,GB,1681415596
85,hithadhoo,-0.6,73.0833,28.420000000000016,70,57,3.06,MV,1681415214
86,kuryk,43.2,51.65,11.200000000000045,87,100,6.72,KZ,1681415597
87,port elizabeth,-33.918,25.5701,17.400000000000034,71,0,10.29,ZA,1681415209
88,tiznit,29.5833,-9.5,18.0,54,0,2.13,MA,1681415598
89,khor,47.8861,134.9464,-1.599999999999966,76,100,4.39,RU,1681415598
90,pokaran,26.9167,71.9167,31.200000000000045,17,2,1.59,IN,1681415598
91,pacific grove,36.6177,-121.9166,17.670000000000016,61,0,4.02,US,1681415220
92,schwedt,53.0596,14.2815,9.210000000000036,76,100,0.85,DE,1681415599
93,iskele,39.484,26.9278,9.050000000000011,87,0,1.54,TR,1681415599
94,lazaro cardenas,17.9583,-102.2,29.650000000000034,46,6,5.21,MX,1681415287
95,victoria,22.2855,114.1577,24.100000000000023,87,93,3.58,HK,1681415047
96,bambous virieux,-20.3428,57.7575,25.120000000000005,94,20,1.54,MU,1681415327
97,cidreira,-30.1811,-50.2056,19.24000000000001,84,100,5.42,BR,1681415267
98,maravilha,-26.7608,-53.1725,24.890000000000043,79,100,0.88,BR,1681415600
99,tekeli,44.83,78.8239,7.020000000000039,40,62,4.73,KZ,1681415601
100,wangqing,43.3218,129.7634,2.6299999999999955,52,0,0.8,CN,1681415601
101,souillac,-20.5167,57.5167,24.210000000000036,94,20,1.54,MU,1681415189
102,port lincoln,-34.7333,135.8667,16.0,69,92,6.47,AU,1681415290
103,kaitangata,-46.2817,169.8464,11.54000000000002,84,74,5.49,NZ,1681415254
104,punta arenas,-53.15,-70.9167,8.010000000000048,65,0,3.09,CL,1681414931
105,hasaki,35.7333,140.8333,14.560000000000002,70,15,8.25,JP,1681415198
106,bereda,43.2686,-7.5406,9.520000000000039,100,100,2.93,ES,1681415388
107,alofi,-19.0595,-169.9187,26.939999999999998,78,99,4.63,NU,1681415300
108,coquimbo,-29.9533,-71.3436,18.850000000000023,72,0,5.14,CL,1681415603
109,kearney,40.6995,-99.0815,30.74000000000001,26,0,13.38,US,1681415396
110,isangel,-19.55,169.2667,26.77000000000004,86,100,4.25,VU,1681415217
111,shingu,33.7333,135.9833,11.170000000000016,65,100,1.96,JP,1681415232
112,hilo,19.7297,-155.09,22.930000000000007,95,100,2.68,US,1681415208
113,saint george,37.1041,-113.5841,22.460000000000036,26,20,4.12,US,1681415044
114,geraldton,-28.7667,114.6,18.230000000000018,59,100,11.32,AU,1681415604
115,bathsheba,13.2167,-59.5167,29.340000000000032,58,20,8.23,BB,1681415286
116,pachino,36.7186,15.0907,15.980000000000018,78,100,8.14,IT,1681415376
117,pangnirtung,66.1451,-65.7125,-8.0,73,75,1.54,CA,1681415326
118,sinazongwe,-17.2614,27.4618,23.610000000000014,47,2,2.04,ZM,1681415605
119,xam nua,20.4197,104.0439,20.390000000000043,75,36,1.26,LA,1681415606
120,henties bay,-22.116,14.2845,15.090000000000032,82,0,4.03,NA,1681415152
121,ransang,8.9603,117.5828,25.129999999999995,86,39,1.11,PH,1681415607
122,thompson,55.7435,-97.8558,4.090000000000032,65,75,2.06,CA,1681415189
123,ribas do rio pardo,-20.4431,-53.7592,27.860000000000014,74,23,2.07,BR,1681415368
124,mar del plata,-38.0023,-57.5575,16.720000000000027,64,40,7.72,AR,1681415136
125,aksay,47.26,39.87,12.360000000000014,86,100,5.36,RU,1681415609
126,lagos,6.5833,3.75,29.180000000000007,84,86,2.43,NG,1681415609
127,clyde river,70.4692,-68.5914,-11.870000000000005,67,75,7.72,CA,1681415286
128,pinerovka,51.562,43.0689,9.060000000000002,86,100,11.4,RU,1681415610
129,nome,64.5011,-165.4064,-19.349999999999966,83,0,0.0,US,1681415302
130,iracoubo,5.4802,-53.2011,27.410000000000025,75,62,4.42,GF,1681415271
131,salalah,17.0151,54.0924,29.05000000000001,74,20,2.06,OM,1681415167
132,qaanaaq,77.484,-69.3632,-12.139999999999986,83,5,0.79,GL,1681415159
133,luze,49.8934,16.0285,6.640000000000043,99,100,1.73,CZ,1681415612
134,talnakh,69.4865,88.3972,-24.669999999999987,98,100,3.48,RU,1681415221
135,yanji,42.9075,129.5078,4.650000000000034,46,0,1.19,CN,1681415612
136,nouadhibou,20.931,-17.0347,24.99000000000001,57,75,3.6,MR,1681415613
137,kargasok,59.0556,80.8572,-14.479999999999961,91,46,4.58,RU,1681415613
138,yellowknife,62.456,-114.3525,-3.7099999999999795,80,100,3.6,CA,1681415241
139,inhambane,-23.865,35.3833,25.0,83,20,2.68,MZ,1681415300
140,livingstonia,-10.606,34.1063,17.340000000000032,91,60,2.04,MW,1681415614
141,codrington,-38.2667,141.9667,11.560000000000002,95,5,3.99,AU,1681415261
142,rolla,37.9514,-91.7713,26.140000000000043,24,0,4.63,US,1681415615
143,anqing,30.5092,117.0506,18.970000000000027,96,100,2.37,CN,1681415615
144,carbonia,39.1672,8.5222,12.230000000000018,76,26,6.26,IT,1681415616
145,avera,33.194,-82.5271,19.730000000000018,78,100,6.94,US,1681415385
146,peniche,39.3558,-9.3811,14.050000000000011,69,100,6.69,PT,1681415616
147,kodiak,57.79,-152.4072,4.730000000000018,60,100,3.09,US,1681415299
148,norman wells,65.282,-126.8329,-10.979999999999961,73,100,3.6,CA,1681415383
149,burnie,-41.0667,145.9167,12.470000000000027,85,10,3.65,AU,1681415389
150,parabel,58.6978,81.4825,-11.879999999999995,91,93,4.88,RU,1681415617
151,the valley,18.217,-63.0578,27.920000000000016,74,20,5.14,AI,1681415617
152,tarakan,3.3,117.6333,27.210000000000036,76,100,1.17,ID,1681415489
153,tiksi,71.6872,128.8694,-14.839999999999975,86,100,1.97,RU,1681415170
154,shumskiy,54.8318,99.1328,-1.099999999999966,64,100,1.54,RU,1681415618
155,felipe carrillo puerto,19.5833,-88.05,26.80000000000001,69,100,2.3,MX,1681415618
156,thinadhoo,0.5333,72.9333,27.950000000000045,75,59,2.92,MV,1681415365
157,new norfolk,-42.7826,147.0587,12.180000000000007,89,74,0.54,AU,1681415154
158,krumovgrad,41.4667,25.65,11.689999999999998,92,20,3.86,BG,1681415619
159,bahia blanca,-38.7196,-62.2724,16.010000000000048,31,100,3.13,AR,1681415409
160,birin,26.8865,88.0718,17.04000000000002,27,7,2.75,NP,1681415620
161,lingao,19.9103,109.6859,23.470000000000027,92,100,5.14,CN,1681415621
162,okhotsk,59.3833,143.3,-8.379999999999995,88,100,4.18,RU,1681415577
163,barrow,71.2906,-156.7887,-21.98999999999998,77,20,3.6,US,1681415249
164,nanortalik,60.1432,-45.2371,1.7800000000000296,83,100,1.65,GL,1681415326
165,concepcion del uruguay,-32.4825,-58.2372,19.58000000000004,46,1,1.79,AR,1681415621
166,la ronge,55.1001,-105.2842,10.120000000000005,31,20,4.12,CA,1681415622
167,hirtshals,57.5881,9.9592,7.090000000000032,84,52,7.53,DK,1681415622
168,albanel,48.8832,-72.4487,21.08000000000004,57,99,0.51,CA,1681415225
169,bredasdorp,-34.5322,20.0403,16.350000000000023,71,1,6.41,ZA,1681415261
170,shitanjing,39.2342,106.3439,5.6200000000000045,25,100,2.65,CN,1681415623
171,los llanos de aridane,28.6585,-17.9182,17.860000000000014,87,75,7.2,ES,1681415339
172,owando,-0.4819,15.8999,23.150000000000034,93,10,1.35,CG,1681415623
173,buin,-33.7333,-70.75,24.180000000000007,34,20,3.77,CL,1681415624
174,leshukonskoye,64.8989,45.7622,-16.95999999999998,98,6,0.46,RU,1681415624
175,longyearbyen,78.2186,15.6401,-0.08999999999997499,80,75,1.54,SJ,1681415277
176,bonavista,48.6499,-53.1147,-0.3499999999999659,97,100,7.27,CA,1681415624
177,eyl,7.9803,49.8164,28.24000000000001,74,65,4.89,SO,1681415625
178,hambantota,6.1241,81.1185,26.260000000000048,85,20,2.51,LK,1681415380
179,matara,5.9485,80.5353,25.720000000000027,89,48,2.1,LK,1681415312
180,asbestos,45.7668,-71.9324,24.52000000000004,57,2,6.44,CA,1681415440
181,ribeira grande,38.5167,-28.7,17.650000000000034,88,75,6.71,PT,1681415380
182,kapaa,22.0752,-159.319,25.05000000000001,80,75,6.69,US,1681415218
183,mehamn,71.0357,27.8492,0.9700000000000273,69,0,7.2,NO,1681415209
184,cape town,-33.9258,18.4232,19.100000000000023,68,40,2.06,ZA,1681415136
185,saldanha,-33.0117,17.9442,16.03000000000003,79,30,4.04,ZA,1681415218
186,wageningen,51.9667,5.6667,8.950000000000045,81,10,1.54,NL,1681415627
187,latung,5.5,120.8833,27.83000000000004,71,83,1.18,PH,1681415627
188,kamyshevatskaya,46.4132,37.9563,9.850000000000023,83,100,9.34,RU,1681415628
189,lompoc,34.6391,-120.4579,20.939999999999998,61,20,8.94,US,1681415604
190,severodvinsk,64.5635,39.8302,-7.939999999999998,87,4,2.67,RU,1681415628
191,andenes,69.3143,16.1194,4.990000000000009,70,0,4.12,NO,1681415628
192,san patricio,28.017,-97.5169,27.170000000000016,43,5,5.32,US,1681415223
193,cetraro,39.5166,15.9416,15.370000000000005,91,100,2.53,IT,1681415629
194,poum,-20.2333,164.0167,24.49000000000001,90,100,4.74,NC,1681415296
195,panacan,9.2463,118.4082,25.760000000000048,79,66,1.08,PH,1681415629
196,varna,43.2167,27.9167,11.04000000000002,88,7,3.09,BG,1681415629
197,strezhevoy,60.7333,77.5889,-18.69999999999999,98,57,3.05,RU,1681415630
198,kuito,-12.3833,16.9333,15.5,93,99,1.43,AO,1681415630
199,parrita,9.5201,-84.3225,31.120000000000005,59,15,3.33,CR,1681415630
200,narsaq,60.9167,-46.05,10.120000000000005,78,100,0.72,GL,1681415213
201,tsumeb,-19.2333,17.7167,25.54000000000002,31,84,0.97,NA,1681415631
202,lebu,-37.6167,-73.65,15.57000000000005,83,44,2.69,CL,1681415254
203,aojiang,22.9421,116.0359,20.58000000000004,89,36,0.8,CN,1681415631
204,ponta do sol,32.6667,-17.1,19.840000000000032,72,65,2.6,PT,1681415244
205,georgetown,5.4112,100.3354,29.970000000000027,79,20,3.09,MY,1681415350
206,yarada,17.65,83.2667,28.680000000000007,70,0,4.29,IN,1681415357
207,huarmey,-10.0681,-78.1522,27.060000000000002,71,64,5.58,PE,1681415633
208,upernavik,72.7868,-56.1549,-7.419999999999959,88,100,2.33,GL,1681415266
209,camopi,3.1655,-52.3158,26.629999999999995,92,97,1.69,GF,1681415634
210,port macquarie,-31.4333,152.9167,16.05000000000001,85,77,5.55,AU,1681415222
211,kuusamo,65.9667,29.1833,-5.979999999999961,73,0,3.09,FI,1681415634
212,cabedelo,-6.9811,-34.8339,29.370000000000005,72,89,4.65,BR,1681415283
213,tabuk,17.4189,121.4443,23.470000000000027,90,72,0.98,PH,1681415635
214,saint leonard,47.173,-67.9247,15.330000000000041,85,94,4.33,CA,1681415635
215,sola,-13.8833,167.55,27.450000000000045,77,100,3.5,VU,1681415635
216,vanavara,60.34,102.2797,-2.7199999999999704,84,100,5.32,RU,1681415635
217,rajampet,14.1833,79.1667,27.920000000000016,38,7,1.62,IN,1681415636
218,xapuri,-10.6517,-68.5044,26.83000000000004,87,100,0.22,BR,1681415636
219,georgiyevskoye,58.731,45.024,-3.319999999999993,61,2,5.41,RU,1681415636
220,yeppoon,-23.1333,150.7333,12.879999999999995,44,0,2.34,AU,1681415636
221,nishihara,26.1842,127.7558,22.03000000000003,97,100,4.63,JP,1681415636
222,vrangel,42.7297,133.0839,4.78000000000003,59,0,3.37,RU,1681415637
223,beira,-19.8436,34.8389,25.05000000000001,100,0,2.24,MZ,1681415637
224,kevermes,46.4167,21.1833,14.050000000000011,69,84,3.62,HU,1681415638
225,yeniseysk,58.4497,92.1703,-3.0399999999999636,97,100,0.85,RU,1681415638
226,christchurch,-43.5333,172.6333,12.400000000000034,90,75,2.57,NZ,1681415345
227,ulladulla,-35.35,150.4667,14.32000000000005,87,97,5.19,AU,1681415162
228,constitucion,-35.3333,-72.4167,16.54000000000002,71,44,3.42,CL,1681415324
229,tilichiki,60.4667,166.1,-21.97999999999999,96,67,3.39,RU,1681415639
230,galle,6.0367,80.217,26.27000000000004,86,22,2.62,LK,1681415639
231,qianguo,45.1171,124.8568,2.740000000000009,38,0,1.6,CN,1681415639
232,walvis bay,-22.9575,14.5053,16.24000000000001,62,0,5.25,NA,1681415639
233,fortuna,40.5982,-124.1573,12.740000000000009,63,27,1.79,US,1681415268
234,kibre mengist,5.8833,38.9833,14.240000000000009,94,97,1.17,ET,1681415640
235,torbay,47.6666,-52.7314,3.490000000000009,96,100,5.14,CA,1681415230
236,tarnobrzeg,50.573,21.6794,10.54000000000002,70,79,1.51,PL,1681415640
237,key west,24.5557,-81.7826,28.33000000000004,80,0,4.12,US,1681414945
238,baykit,61.67,96.37,-11.739999999999952,94,100,1.83,RU,1681415641
239,quatre cocos,-20.2078,57.7625,25.05000000000001,82,0,0.8,MU,1681415240
240,qasigiannguit,68.8193,-51.1922,-2.859999999999957,88,99,0.56,GL,1681415260
241,lewisville,33.0462,-96.9942,28.0,42,20,5.66,US,1681415373
242,beachwood,41.4645,-81.5087,27.129999999999995,33,0,3.6,US,1681415642
243,panama city,8.9936,-79.5197,33.960000000000036,65,40,3.6,PA,1681415643
244,sao joao da barra,-21.6403,-41.0511,29.05000000000001,86,15,5.66,BR,1681415306
245,olga,43.7444,135.2892,2.980000000000018,52,3,2.65,RU,1681415644
246,gushi,34.6425,109.5843,14.54000000000002,81,99,2.79,CN,1681415645
247,goderich,43.7501,-81.7165,23.180000000000007,38,8,6.17,CA,1681415333
248,egvekinot,66.3167,-179.1667,-19.859999999999985,83,17,2.34,RU,1681415645
249,lagoa,39.05,-27.9833,16.54000000000002,83,100,4.99,PT,1681415645
250,villa carlos paz,-31.4241,-64.4978,14.110000000000014,56,100,0.89,AR,1681415585
251,altay,47.8667,88.1167,-1.579999999999984,55,6,3.65,CN,1681415646
252,paamiut,61.994,-49.6678,1.9500000000000455,67,100,0.72,GL,1681415216
253,banda aceh,5.5577,95.3222,26.670000000000016,81,93,1.96,ID,1681415646
254,college,64.8569,-147.8028,-8.069999999999993,78,40,0.0,US,1681415176
255,tiarei,-17.5333,-149.3333,29.010000000000048,69,14,5.21,PF,1681415233
256,ilulissat,69.2167,-51.1,-2.9899999999999523,93,100,3.09,GL,1681415308
257,guerrero negro,27.9769,-114.0611,17.680000000000007,56,7,8.47,MX,1681415229
258,brae,60.3964,-1.353,6.300000000000011,90,100,5.64,GB,1681415162
259,jurm,36.8648,70.8342,13.980000000000018,37,0,2.6,AF,1681415647
260,nikolayevsk-na-amure,53.1406,140.73,-4.849999999999966,95,100,3.25,RU,1681415648
261,mineral wells,32.8085,-98.1128,27.230000000000018,36,20,6.17,US,1681415648
262,liuzhou,24.3126,109.3892,23.180000000000007,85,92,3.63,CN,1681415649
263,pombas,17.1503,-25.0201,23.879999999999995,81,21,4.63,CV,1681415649
264,maldonado,-34.6667,-54.9167,17.660000000000025,54,22,5.51,UY,1681415307
265,cockburn town,21.4612,-71.1419,25.870000000000005,77,65,5.66,TC,1681415327
266,gat,31.61,34.7642,14.379999999999995,100,0,1.41,IL,1681415297
267,mount isa,-20.7333,139.5,19.870000000000005,40,93,0.0,AU,1681415237
268,ibia,-19.4783,-46.5389,26.700000000000045,83,91,1.06,BR,1681415651
269,karatau,43.1667,70.4667,16.970000000000027,43,78,2.49,KZ,1681415651
270,ambilobe,-13.2,49.05,22.650000000000034,96,15,1.41,MG,1681415651
271,tyulyachi,55.8913,50.2399,2.430000000000007,71,99,9.66,RU,1681415652
272,niquero,20.0431,-77.5828,29.05000000000001,61,50,3.13,CU,1681415653
273,inirida,3.8653,-67.9239,31.930000000000007,56,90,0.28,CO,1681415658
274,phuket,8.0,98.25,31.160000000000025,83,20,3.09,TH,1681415134
275,truro,50.2653,-5.0544,9.420000000000016,82,40,6.17,GB,1681415659
276,coihaique,-45.5752,-72.0662,16.340000000000032,35,0,4.12,CL,1681415635
277,novyy urengoy,66.0833,76.6333,-20.609999999999985,94,77,7.52,RU,1681415660
278,maraa,-1.8333,-65.3667,32.420000000000016,53,91,1.04,BR,1681415661
279,ko samui,9.5357,99.9357,28.680000000000007,76,1,2.99,TH,1681415292
280,viedma,-40.8135,-62.9967,13.210000000000036,41,2,4.76,AR,1681415033
281,katsuura,35.1333,140.3,16.670000000000016,70,64,7.08,JP,1681415277
282,puerto baquerizo moreno,-0.9,-89.6,29.55000000000001,79,40,2.57,EC,1681415248
283,ouadda,8.0777,22.4007,22.620000000000005,76,100,1.82,CF,1681415662
284,kitaibaraki,36.7833,140.75,12.150000000000034,86,33,2.79,JP,1681415486
285,sabana grande,18.0777,-66.9604,27.810000000000002,80,72,1.79,PR,1681415663
286,haines junction,60.7522,-137.5108,-0.029999999999972715,64,100,1.03,CA,1681415665
287,san juan,-31.5375,-68.5364,19.870000000000005,39,53,6.47,AR,1681415145
288,boundiali,9.5217,-6.4869,31.129999999999995,23,24,1.34,CI,1681415665
289,milledgeville,33.0801,-83.2321,19.560000000000002,93,100,4.12,US,1681415665
290,vostok,46.4856,135.8833,-4.519999999999982,97,50,0.86,RU,1681415259
291,kihurio,-4.4667,38.0667,22.340000000000032,92,63,1.63,TZ,1681415666
292,imeni poliny osipenko,52.4201,136.4853,-5.659999999999968,82,100,5.79,RU,1681415666
293,ballina,-28.8667,153.5667,13.210000000000036,81,57,4.94,AU,1681415667
294,yuma,32.7253,-114.6244,25.129999999999995,27,75,5.66,US,1681415667
295,zhigansk,66.7697,123.3711,-13.069999999999993,95,89,3.36,RU,1681415667
296,kiunga,-6.1219,141.2906,21.760000000000048,99,80,0.84,PG,1681415332
297,kushiro,42.975,144.3747,4.160000000000025,89,0,4.22,JP,1681415225
298,bernalda,40.4128,16.692,16.160000000000025,90,40,5.14,IT,1681415668
299,flin flon,54.7682,-101.865,8.910000000000025,34,75,2.57,CA,1681415668
300,whitehorse,60.7161,-135.0538,3.390000000000043,59,75,5.66,CA,1681415669
301,srednekolymsk,67.45,153.6833,-20.25999999999999,100,99,1.65,RU,1681415669
302,novobiryusinskiy,56.9578,97.7076,-0.03999999999996362,97,100,4.2,RU,1681415669
303,santa rosa,14.3122,121.1114,23.99000000000001,96,100,1.21,PH,1681415494
304,ostersund,63.1792,14.6357,4.25,65,75,6.17,SE,1681415670
305,hobyo,5.3505,48.5268,28.55000000000001,73,95,5.16,SO,1681415619
306,lata,40.1629,-8.3327,13.78000000000003,87,90,2.02,PT,1681415671
307,jumla,29.2747,82.1838,9.310000000000002,51,72,1.72,NP,1681415671
308,oakdale,44.963,-92.9649,29.680000000000007,29,0,9.77,US,1681415671
309,kahului,20.8947,-156.47,24.980000000000018,69,40,7.2,US,1681415347
310,olafsvik,64.8945,-23.7142,3.6000000000000227,71,93,3.75,IS,1681415672
311,ugoofaaru,5.6667,73.0,28.53000000000003,73,99,2.05,MV,1681415672
312,artyom,40.4723,50.333,12.080000000000041,91,6,9.11,AZ,1681415673
313,cracow,43.7424,-82.8199,28.640000000000043,34,0,8.75,US,1681415673
314,cabo san lucas,22.8909,-109.9124,29.610000000000014,51,49,6.05,MX,1681415232
315,mookane,-23.688,26.6595,23.620000000000005,31,1,2.53,BW,1681415674
316,kamaishi,39.2667,141.8833,8.04000000000002,59,14,3.56,JP,1681415674
317,marathon,44.9,-89.7668,28.58000000000004,23,0,7.2,US,1681415674
318,shakawe,-18.3667,21.85,23.33000000000004,35,41,2.51,BW,1681415674
319,asau,46.4333,26.4,6.510000000000048,82,16,1.54,RO,1681415616
320,obo,5.3998,26.4869,20.52000000000004,89,100,1.45,CF,1681415675
321,tevaitoa,-16.7833,-151.5,27.660000000000025,70,22,4.04,PF,1681415675
322,uray,60.1247,64.7758,-10.839999999999975,72,51,4.03,RU,1681415676
323,yar-sale,66.8333,70.8333,-18.049999999999983,90,69,7.69,RU,1681415676
324,lerwick,60.1545,-1.1494,6.0,89,100,5.02,GB,1681415676
325,mwanza,-2.5167,32.9,22.03000000000003,73,75,2.57,TZ,1681415677
326,sistranda,63.7256,8.834,7.980000000000018,70,100,14.16,NO,1681415677
327,tommot,58.9564,126.2925,-11.649999999999977,99,100,0.77,RU,1681415677
328,alghero,40.5589,8.3181,13.050000000000011,58,20,7.2,IT,1681415609
329,qeshm,26.9581,56.2719,26.930000000000007,74,100,1.36,IR,1681415678
330,eskil,38.4017,33.4131,8.080000000000041,59,2,1.37,TR,1681415679
331,kavieng,-2.5744,150.7967,28.110000000000014,78,48,5.32,PG,1681415278
332,vidim,56.4088,103.1106,-3.7099999999999795,67,100,4.31,RU,1681415679
333,roald,62.5833,6.1333,12.510000000000048,46,0,5.14,NO,1681415680
334,rapid valley,44.0625,-103.1463,9.020000000000039,61,0,3.09,US,1681415680
335,saint-joseph,-21.3667,55.6167,24.210000000000036,84,83,1.26,RE,1681415680
336,betma,22.6833,75.6167,24.120000000000005,41,20,0.0,IN,1681415680
337,port-gentil,-0.7193,8.7815,27.980000000000018,89,20,1.54,GA,1681415280
338,jimenez,28.3333,-105.4,28.939999999999998,8,51,8.72,MX,1681415681
339,konevo,62.1215,39.3192,-7.21999999999997,91,7,2.66,RU,1681415682
340,trelew,-43.249,-65.3051,13.550000000000011,34,4,2.64,AR,1681415682
341,novo cruzeiro,-17.4681,-41.8753,22.78000000000003,77,99,0.89,BR,1681415682
342,lavrentiya,65.5833,-171.0,-17.899999999999977,83,16,3.17,RU,1681415266
343,ucluelet,48.9329,-125.5528,7.830000000000041,77,85,0.45,CA,1681415683
344,birjand,32.8663,59.2211,26.260000000000048,12,75,6.17,IR,1681415683
345,muros,42.7762,-9.0603,13.379999999999995,86,100,7.03,ES,1681415367
346,atamanskaya,46.1773,39.6358,9.950000000000045,87,100,8.93,RU,1681415684
347,megion,61.0296,76.1136,-18.879999999999967,97,32,3.89,RU,1681415684
348,oranjemund,-28.55,16.4333,14.810000000000002,88,100,3.95,NA,1681415684
349,verkhoyansk,67.5447,133.385,-17.169999999999987,99,96,0.67,RU,1681415685
350,nuuk,64.1835,-51.7216,3.340000000000032,70,75,1.03,GL,1681415338
351,llangefni,53.2556,-4.3106,8.920000000000016,81,20,7.72,GB,1681415685
352,ravar,31.2656,56.8055,22.939999999999998,38,100,6.21,IR,1681415685
353,luwuk,-0.9516,122.7875,25.260000000000048,90,100,1.44,ID,1681415685
354,hami,42.8,93.45,11.310000000000002,33,85,0.5,CN,1681415686
355,saskylakh,71.9167,114.0833,-26.579999999999984,99,58,2.68,RU,1681415263
356,margate,51.3813,1.3862,7.9500000000000455,71,28,2.24,GB,1681415230
357,elizabeth city,36.2946,-76.2511,30.590000000000032,33,0,6.69,US,1681415517
358,samut sakhon,13.5833,100.3,29.99000000000001,76,92,3.7,TH,1681415686
359,meulaboh,4.1363,96.1285,25.360000000000014,87,100,1.33,ID,1681415227
360,sabancuy,18.9667,-91.1833,29.010000000000048,57,5,4.88,MX,1681415687
361,bayonne,43.3333,-1.4167,11.07000000000005,87,75,7.2,FR,1681415642
362,mount gambier,-37.8333,140.7667,11.53000000000003,94,2,2.39,AU,1681415687
363,elat,29.5581,34.9482,20.910000000000025,35,0,1.54,IL,1681415688
364,sao miguel do araguaia,-13.275,-50.1628,27.57000000000005,77,98,2.26,BR,1681415688
365,sitka,57.0531,-135.33,4.939999999999998,81,100,3.09,US,1681415234
366,giyon,8.5333,37.9833,18.100000000000023,58,68,7.17,ET,1681415688
367,anadyr,64.75,177.4833,-22.71999999999997,77,0,4.0,RU,1681415220
368,pafos,34.7667,32.4167,13.879999999999995,72,40,3.6,CY,1681415689
369,hamilton,39.1834,-84.5333,27.78000000000003,26,0,2.57,US,1681415127
370,ventspils,57.3894,21.5606,10.960000000000036,76,40,3.09,LV,1681415269
371,sinnamary,5.3833,-52.95,27.32000000000005,77,80,4.22,GF,1681415689
372,piacabucu,-10.4056,-36.4344,26.930000000000007,68,100,4.72,BR,1681415690
373,sept-iles,50.2001,-66.3821,5.0,72,75,2.57,CA,1681415690
374,novyy chirkey,43.162,47.0559,14.04000000000002,50,100,5.38,RU,1681415690
375,purpe,64.4803,76.6897,-20.339999999999975,93,88,7.48,RU,1681415691
376,broken hill,-31.95,141.4333,12.53000000000003,80,7,2.48,AU,1681415691
377,byron bay,-28.65,153.6167,13.170000000000016,80,26,5.11,AU,1681415691
378,maniitsoq,65.4167,-52.9,-0.009999999999990905,77,62,1.93,GL,1681415231
379,abancay,-13.6339,-72.8814,22.189999999999998,55,56,2.63,PE,1681415692
380,vao,-22.6667,167.4833,23.470000000000027,91,100,3.3,NC,1681415251
381,stuttgart,48.7823,9.177,7.140000000000043,88,20,1.54,DE,1681415501
382,chitral,35.8462,71.7858,13.950000000000045,36,0,2.57,PK,1681415692
383,fairbanks,64.8378,-147.7164,-8.060000000000002,78,40,0.89,US,1681415179
384,simpang,-1.2667,104.0833,23.410000000000025,97,99,1.1,ID,1681415693
385,kieta,-6.2167,155.6333,25.670000000000016,85,100,1.54,PG,1681415693
386,rawson,-43.3002,-65.1023,12.160000000000025,44,5,3.28,AR,1681415383
387,stantsionno-oyashinskiy,55.4664,83.8245,2.150000000000034,85,100,4.93,RU,1681415693
388,luneville,48.6,6.5,7.939999999999998,82,100,1.34,FR,1681415693
389,kamenka,51.3223,42.7678,8.900000000000034,87,100,10.96,RU,1681415694
390,beloha,-25.1667,45.05,20.760000000000048,90,9,3.45,MG,1681415282
391,tabursuq,36.4569,9.2475,13.160000000000025,77,100,6.55,TN,1681415694
392,yumen,40.2833,97.2,6.170000000000016,37,100,5.07,CN,1681415494
393,arica,-18.475,-70.3042,27.75,60,0,5.66,CL,1681415345
394,odesskoye,54.2111,72.9651,7.670000000000016,56,78,4.99,RU,1681415695
395,kupang,-10.1667,123.5833,25.420000000000016,88,97,3.69,ID,1681415695
396,russell,32.3502,-85.1999,24.420000000000016,69,75,5.66,US,1681415337
397,kuji,40.1878,141.7689,9.270000000000039,51,86,2.41,JP,1681415696
398,san ramon,37.7799,-121.978,18.54000000000002,29,0,4.12,US,1681415697
399,grindavik,63.8424,-22.4338,6.260000000000048,87,100,3.09,IS,1681415258
400,smithers,54.7804,-127.1743,4.180000000000007,52,75,0.0,CA,1681415552
401,gamba,-2.65,10.0,26.450000000000045,87,100,2.6,GA,1681415697
402,weligama,5.9667,80.4167,25.710000000000036,89,42,2.2,LK,1681415698
403,del rio,29.3627,-100.8968,29.060000000000002,37,0,9.26,US,1681415605
404,esperance,-33.8667,121.9,15.060000000000002,66,100,14.51,AU,1681415253
405,maunatlala,-22.597,27.6301,21.29000000000002,37,0,2.42,BW,1681415698
406,kautokeino,69.0125,23.0412,-1.3899999999999864,84,100,9.1,NO,1681415698
407,poso,-1.3959,120.7524,27.410000000000025,71,100,2.17,ID,1681415699
408,palmer,42.1584,-72.3287,31.78000000000003,25,0,5.14,US,1681415452
409,northam,51.0333,-4.2167,8.470000000000027,81,100,4.21,GB,1681415322
410,ostrovnoy,68.0531,39.5131,-9.159999999999968,82,15,6.81,RU,1681415258
411,miles city,46.4083,-105.8406,7.5400000000000205,57,100,4.12,US,1681415650
412,angoche,-16.2325,39.9086,24.660000000000025,84,58,1.5,MZ,1681415701
413,chifeng,42.2683,118.9636,6.5400000000000205,47,79,1.98,CN,1681415702
414,le port,-20.9373,55.2919,25.0,92,63,2.45,RE,1681415703
415,concepcion del oro,24.6333,-101.4167,24.450000000000045,13,15,7.99,MX,1681415703
416,tacuarembo,-31.7333,-55.9833,21.33000000000004,33,74,4.53,UY,1681415704
417,dzheyrakh,42.8228,44.6756,4.660000000000025,91,100,1.97,RU,1681415705
418,new waterford,40.8451,-80.6145,28.140000000000043,22,67,3.61,US,1681415705
419,zhelyabovka,45.3988,34.7578,9.25,87,52,6.95,UA,1681415706
420,shaowu,27.3409,117.4831,19.760000000000048,97,75,0.83,CN,1681415706
421,kemijarvi,66.7131,27.4306,-8.099999999999966,96,7,1.46,FI,1681415310
422,taga,46.95,24.05,9.180000000000007,68,34,1.52,RO,1681415707
423,terracina,41.2863,13.2217,13.29000000000002,74,99,3.13,IT,1681415707
424,kapit,2.0167,112.9333,22.689999999999998,99,100,0.4,MY,1681415211
425,flinders,-34.5833,150.8552,16.210000000000036,90,34,2.68,AU,1681415708
426,khash,28.2211,61.2158,21.420000000000016,34,13,3.69,IR,1681415708
427,saint-augustin,51.226,-58.6502,5.7000000000000455,74,100,4.82,CA,1681415708
428,nyurba,63.2842,118.3319,-19.039999999999964,100,81,1.67,RU,1681415709
429,pangkalanbuun,-2.6833,111.6167,23.75,94,36,1.45,ID,1681415709
430,saeby,57.3319,10.5225,8.960000000000036,85,26,7.37,DK,1681415710
431,kavaratti,10.5669,72.642,28.650000000000034,74,100,2.03,IN,1681415307
432,tunoshna,57.5459,40.1254,3.990000000000009,41,0,7.15,RU,1681415711
433,hervey bay,-25.2986,152.8535,18.890000000000043,55,0,3.4,AU,1681415711
434,marzuq,14.4,46.4667,23.510000000000048,69,98,1.85,YE,1681415298
435,buraydah,26.326,43.975,19.25,28,0,3.55,SA,1681415502
436,iquique,-20.2208,-70.1431,24.02000000000004,71,0,2.33,CL,1681415529
437,state college,40.7934,-77.86,29.100000000000023,27,0,6.17,US,1681415532
438,aseri,59.4506,26.8675,3.5100000000000477,82,100,7.16,EE,1681415713
439,lorengau,-2.0226,147.2712,27.57000000000005,81,81,6.21,PG,1681415269
440,sao filipe,14.8961,-24.4956,23.25,79,65,2.66,CV,1681415257
441,koslan,63.4564,48.8989,-17.369999999999976,98,8,1.06,RU,1681415714
442,graciano sanchez,23.9167,-99.2833,27.53000000000003,53,100,2.72,MX,1681415714
443,kaniama,-7.5667,24.1833,20.720000000000027,92,100,1.5,CD,1681415318
444,annau,37.8876,58.516,24.720000000000027,36,100,10.29,TM,1681415715
445,pimentel,-6.8367,-79.9342,31.160000000000025,51,75,5.66,PE,1681415223
446,murgab,37.4966,61.9714,27.930000000000007,18,100,4.12,TM,1681415388
447,essau,13.4839,-16.5347,28.090000000000032,76,100,7.82,GM,1681415716
448,nicolas bravo,18.45,-88.9167,30.390000000000043,49,98,2.98,MX,1681415716
449,aasiaat,68.7098,-52.8699,-3.3700000000000045,88,93,0.37,GL,1681415716
450,mattawa,46.7379,-119.9028,11.600000000000023,36,99,3.32,US,1681415717
451,vardo,70.3705,31.1107,-2.009999999999991,69,0,11.83,NO,1681415319
452,ciudad bolivar,8.1222,-63.5497,36.110000000000014,27,93,4.7,VE,1681415717
453,port moresby,-9.4431,147.1797,23.680000000000007,94,40,2.57,PG,1681415379
454,kiomboi,-4.2667,34.3667,16.57000000000005,95,100,1.9,TZ,1681415718
455,pisco,-13.7,-76.2167,30.03000000000003,54,0,8.23,PE,1681415245
456,tapejara,-28.0681,-52.0139,23.210000000000036,69,100,2.88,BR,1681415719
457,darhan,49.4867,105.9228,-5.6200000000000045,67,0,2.41,MN,1681415720
458,itarema,-2.9248,-39.9167,26.170000000000016,86,100,5.54,BR,1681415209
459,kyaikkami,16.08,97.5675,27.82000000000005,76,51,4.59,MM,1681415720
460,balykshi,47.0667,51.8667,13.0,88,80,4.0,KZ,1681415635
461,peterlee,54.7603,-1.3365,7.580000000000041,86,49,0.45,GB,1681415721
462,alvorada,-12.48,-49.1247,26.970000000000027,76,100,1.83,BR,1681415721
463,arklow,52.7931,-6.1414,7.270000000000039,78,100,3.14,IE,1681415721
464,luancheng,37.8792,114.6517,18.090000000000032,19,53,3.7,CN,1681415722
465,half moon bay,37.4636,-122.4286,19.370000000000005,37,0,5.66,US,1681415219
466,san quintin,30.4833,-115.95,15.340000000000032,62,49,7.9,MX,1681415185
467,mouila,-1.8685,11.0559,24.660000000000025,95,99,0.66,GA,1681415722
468,menongue,-14.6585,17.691,18.670000000000016,76,96,2.2,AO,1681415723
469,buala,-8.145,159.5921,26.189999999999998,83,75,2.44,SB,1681415350
470,inhumas,-16.3578,-49.4961,26.850000000000023,82,91,0.49,BR,1681415724
471,saint-pierre,-21.3393,55.4781,24.82000000000005,78,0,2.57,RE,1681415577
472,gerede,40.8008,32.1969,0.8300000000000409,89,30,1.93,TR,1681415725
473,beringovskiy,63.05,179.3167,-17.649999999999977,89,52,2.8,RU,1681415184
474,eureka,40.8021,-124.1637,16.480000000000018,63,55,2.68,US,1681415726
475,ekhabi,53.5102,142.9671,-2.7999999999999545,98,100,3.19,RU,1681415726
476,gweru,-19.45,29.8167,16.03000000000003,43,0,2.45,ZW,1681415728
477,folldal,62.1325,9.9968,0.4200000000000159,98,100,2.2,NO,1681415728
478,cobija,-11.0267,-68.7692,32.10000000000002,58,75,3.09,BO,1681415729
479,secunda,-26.55,29.1667,16.28000000000003,78,8,0.89,ZA,1681415729
480,aklavik,68.2191,-135.0107,-17.0,60,75,3.09,CA,1681415231
481,amuntai,-2.4177,115.2494,23.439999999999998,98,90,0.83,ID,1681415730
482,atherton,53.5237,-2.4935,8.550000000000011,73,6,2.99,GB,1681415732
483,suzun,53.7841,82.3116,2.430000000000007,75,68,1.92,RU,1681415226
484,tuatapere,-46.1333,167.6833,9.200000000000045,95,54,2.0,NZ,1681415314
485,nouakchott,18.0858,-15.9785,25.960000000000036,73,100,5.7,MR,1681415733
486,kharar,30.7444,76.6478,25.33000000000004,25,0,2.43,IN,1681415734
487,fiumicino,41.7675,12.2291,14.060000000000002,77,20,6.17,IT,1681415735
488,hovd,48.0056,91.6419,-0.75,32,17,3.44,MN,1681415347
489,watertown,42.3709,-71.1828,32.5,26,0,5.66,US,1681415510
490,westport,41.1415,-73.3579,32.370000000000005,31,0,7.72,US,1681415620
491,kulhudhuffushi,6.6221,73.07,28.5,72,100,1.25,MV,1681415388
492,dubbo,-32.25,148.6167,10.07000000000005,100,0,4.63,AU,1681415292
493,maamba,-17.3667,27.15,21.02000000000004,42,2,1.54,ZM,1681415736
494,klaksvik,62.2266,-6.589,8.510000000000048,84,100,6.28,FO,1681415328
495,sioux lookout,50.1001,-91.917,8.04000000000002,49,100,4.12,CA,1681415736
496,humaita,-7.5061,-63.0208,28.82000000000005,81,97,0.67,BR,1681415737
497,marsa matruh,31.3525,27.2453,17.110000000000014,77,0,2.57,EG,1681415737
498,ondjiva,-17.0667,15.7333,25.77000000000004,40,78,1.87,AO,1681415737
499,antalaha,-14.9003,50.2788,24.010000000000048,89,12,1.44,MG,1681415355
500,leningradskiy,69.3833,178.4167,-21.22999999999999,94,75,2.02,RU,1681415249
501,marsh harbour,26.5412,-77.0636,24.950000000000045,78,4,5.75,BS,1681415738
502,bandarbeyla,9.4942,50.8122,28.32000000000005,76,80,3.99,SO,1681415738
503,mackenzie,55.2999,-123.1698,1.1200000000000045,75,100,4.12,CA,1681415738
504,berlevag,70.8578,29.0864,1.0,55,0,10.29,NO,1681415738
505,requena,39.4883,-1.1004,12.110000000000014,33,25,3.6,ES,1681415326
506,ouesso,1.6136,16.0517,22.730000000000018,94,7,1.2,CG,1681415739
507,nichinan,31.6,131.3667,13.82000000000005,81,100,0.83,JP,1681415739
508,alice springs,-23.7,133.8833,20.75,49,100,3.09,AU,1681415251
509,pochutla,15.7432,-96.4661,31.57000000000005,41,11,4.57,MX,1681415740
510,kumphawapi,17.1087,103.0149,33.83000000000004,99,99,4.28,TH,1681415740
511,srandakan,-7.9386,110.2506,25.660000000000025,85,100,1.6,ID,1681415740
512,kadaya,50.9327,119.2911,-3.3999999999999773,79,3,1.44,RU,1681415740
513,juneau,58.3019,-134.4197,5.1200000000000045,97,100,8.75,US,1681415741
514,kozhva,65.1073,57.0459,-14.0,97,90,1.77,RU,1681415741
515,harper,4.375,-7.7169,27.410000000000025,82,23,2.97,LR,1681415284
516,sainte-marie,-20.8968,55.5496,25.090000000000032,84,42,2.06,RE,1681415741
517,catalao,-18.1658,-47.9464,24.450000000000045,80,71,0.51,BR,1681415670
518,baruun-urt,46.6806,113.2792,1.7000000000000455,63,100,7.04,MN,1681415620
519,tadine,-21.55,167.8833,25.920000000000016,83,100,3.7,NC,1681415331
520,vanderhoof,54.0166,-124.0198,4.520000000000039,60,93,3.59,CA,1681415715
521,san rafael,-34.6177,-68.3301,16.180000000000007,40,3,5.34,AR,1681415377
522,tazovskiy,67.4667,78.7,-18.569999999999965,94,100,7.81,RU,1681415379
523,yulara,-25.2406,130.9889,23.879999999999995,44,100,4.84,AU,1681415300
524,jha jha,24.7667,86.3667,28.99000000000001,19,63,2.45,IN,1681415743
525,ahuimanu,21.4447,-157.8378,26.840000000000032,70,100,5.14,US,1681415743
526,bajil,15.0584,43.2851,28.879999999999995,68,18,2.04,YE,1681415743
527,hofn,64.2539,-15.2082,5.970000000000027,76,100,5.93,IS,1681415243
528,aden,12.7794,45.0367,28.150000000000034,83,24,8.32,YE,1681415745
529,natalio,-26.7167,-55.0833,19.160000000000025,100,100,1.14,PY,1681415745
530,standerton,-26.9337,29.2415,16.439999999999998,58,12,2.55,ZA,1681415746
531,cangzhou,38.3167,116.8667,15.330000000000041,74,94,3.59,CN,1681415746
532,aloleng,16.1307,119.7824,26.83000000000004,82,100,3.67,PH,1681415747
533,esil,51.9556,66.4042,12.300000000000011,51,100,2.14,KZ,1681415391
534,healdsburg,38.6105,-122.8692,21.170000000000016,25,0,3.09,US,1681415747
535,karlstad,59.3793,13.5036,7.310000000000002,100,75,4.12,SE,1681415541
536,sungairaya,0.7,108.9,24.760000000000048,85,10,1.24,ID,1681415748
537,hammerfest,70.6634,23.6821,3.25,70,0,2.57,NO,1681415748
538,ahipara,-35.1667,173.1667,17.32000000000005,93,37,3.15,NZ,1681415361
539,caracoli,6.4119,-74.7606,30.05000000000001,57,100,1.69,CO,1681415749
540,luanda,-8.8368,13.2343,27.0,78,0,3.09,AO,1681414925
541,taoudenni,22.6783,-3.9836,30.860000000000014,8,20,2.83,ML,1681415750
542,tautira,-17.7333,-149.15,26.52000000000004,69,32,5.16,PF,1681415116
543,mahajanga,-15.7167,46.3167,25.010000000000048,94,20,1.03,MG,1681415750
544,suriapet,17.15,79.6167,29.640000000000043,33,71,1.07,IN,1681415751
545,honiara,-9.4333,159.95,25.650000000000034,89,82,0.37,SB,1681415314
546,puerto quijarro,-17.7833,-57.7667,31.53000000000003,57,96,1.41,BO,1681415751
547,sakakah,29.9697,40.2064,17.760000000000048,44,0,5.39,SA,1681415751
548,muli,2.9167,73.5667,28.700000000000045,72,40,2.03,MV,1681415752
